<?xml version="1.0" standalone="yes"?>  <DATAPACKET Version="2.0"><METADATA><FIELDS><FIELD attrname="Group" fieldtype="string" WIDTH="50"/><FIELD attrname="Function" fieldtype="string" WIDTH="50"/><FIELD attrname="Trigger" fieldtype="string" WIDTH="50"/><FIELD attrname="Completion" fieldtype="bin.hex" SUBTYPE="Text"/></FIELDS><PARAMS/></METADATA><ROWDATA><ROW Group="R" Function="c" Trigger="c" Completion="c(|, )"/><ROW Group="R" Function="cat" Trigger="ca" Completion="cat(|, )"/><ROW Group="R" Function="for, simple" Trigger="fo" Completion="for (i in 1:|)"/><ROW Group="R" Function="for, complete" Trigger="foc" Completion="for (i in 1:|) {&#013;&#010;&#013;&#010;}"/><ROW Group="R" Function="function, simple" Trigger="fu" Completion="myFunction = function(..) |"/><ROW Group="R" Function="function, complete" Trigger="fuc" Completion="myFunction = function(..) {&#013;&#010;  |&#013;&#010;}"/><ROW Group="R" Function="ifelse, simple" Trigger="ie" Completion="ifelse(|, , )"/><ROW Group="R" Function="ifelse, complete" Trigger="iec" Completion="ifelse(|,&#013;&#010;  {&#013;&#010;  &#013;&#010;  },&#013;&#010;  {&#013;&#010;  &#013;&#010;  }&#013;&#010;)"/><ROW Group="R" Function="if, simple" Trigger="if" Completion="if (| &lt; )"/><ROW Group="R" Function="if, complete" Trigger="ifc" Completion="if (|&lt; ) {&#013;&#010;&#013;&#010;}"/><ROW Group="R" Function="mean" Trigger="m" Completion="mean(|)"/><ROW Group="R" Function="plot, simple" Trigger="p" Completion="plot(|)"/><ROW Group="R" Function="plot, complete" Trigger="pc" Completion="with(|,&#013;&#010;  plot(y ~ x)&#013;&#010;)"/><ROW Group="R" Function="repeat" Trigger="re" Completion="repeat {&#013;&#010;  i = i + 1&#013;&#010;  |&#013;&#010;  if (i == 10) break&#013;&#010;}"/><ROW Group="R" Function="rnorm" Trigger="rn" Completion="rnorm(|, mean=0 , sd=1)"/><ROW Group="R" Function="rnorm, seed" Trigger="rns" Completion="set.seed(8)&#013;&#010;rnorm(|, mean=0 , sd=1)"/><ROW Group="R" Function="sd" Trigger="s" Completion="sd(|)"/><ROW Group="R" Function="switch" Trigger="sw" Completion="switch(|,&#013;&#010;  a = &apos; &apos;,&#013;&#010;  b = &apos; &apos;,&#013;&#010;)"/><ROW Group="R" Function="var" Trigger="v" Completion="var(|)"/><ROW Group="R" Function="while" Trigger="wh" Completion="i = 0&#013;&#010;while (i &lt; |) {&#013;&#010;&#013;&#010;  i = i + 1&#013;&#010;}"/><ROW Group="R" Function="example" Trigger="ex" Completion="#===============================&#013;&#010;# example: |&#013;&#010;#==============================="/><ROW Group="R" Function="main" Trigger="ma" Completion="#===============================================================================&#013;&#010;# Name   : |&#013;&#010;# Author :&#013;&#010;# Date   :&#013;&#010;# Version:&#013;&#010;# Aim    :&#013;&#010;# Mail   : &lt;&lt;&lt;joseclaudio.faria@gmail.com&gt;&gt;&gt;&#013;&#010;#==============================================================================="/><ROW Group="R" Function="summary" Trigger="su" Completion="summary(|)"/><ROW Group="Tex" Function="figure" Trigger="fg" Completion="&#092;begin{figure}[ht]&#013;&#010;  &#092;centering&#013;&#010;  &#092;includegraphics[height=5cm, width=5cm]{img/|.png}&#013;&#010;  &#092;caption{Title, UESC/BA -- 05/2009.}&#013;&#010;  &#092;label{fig_01}&#013;&#010;&#092;end{figure}"/><ROW Group="Tex" Function="equation" Trigger="eq" Completion="&#092;begin{equation}&#092;label{eq_01}&#013;&#010;  |  &#013;&#010;&#092;end{equation}"/></ROWDATA></DATAPACKET>